id,session_id,timestamp_start,timestamp_end,participants,pairing_time_seconds,conversation_duration_seconds,status,completion_status,message_count,connected_participants,participant_names.e9cddf33-3c34-4057-b8ff-4dc2b4702235,created_at,updated_at,participant_names.ab647845-4fa4-443a-ad46-a21bff2d0e52,participant_names.1f01b9f3-ab4e-4539-83fc-be8b16993834,participant_names.3034c06f-810e-47e3-ba1c-2b8f59e780d3,participant_names.bf64ced7-420f-49b3-a173-bc26617c17c9,participant_names.9dcc194d-dbbe-49a5-8847-d83a5f615686,participant_names.9a9a3594-7631-4ea3-9b41-7dad9da64d71,participant_names.d187a367-2db6-4d03-b4be-7aebe3b3ffb1,participant_names.0b929b3f-396f-444b-baa3-ddcf73741a74,participant_names.a25c03c1-b61f-4a67-8117-252a87c767c0,participant_names.b5556be4-7e3b-443a-8956-5d08ffc8528a,participant_names.3e689bda-4ac5-4e7c-a1ee-2b1decda0f1c,participant_names.6258ec54-28aa-4852-9506-ed3abff52e20,participant_names.d794178a-6563-486a-bb38-4988618806ce,participant_names.67e3605d-af2c-4226-8664-60fa4cf3eb5f,participant_names.529c7c11-ea77-4829-96fe-8a76d91ba428,participant_names.e0a677fc-a9ed-43f5-954f-e7053b69d86f,participant_names.127216e2-832a-4923-88ee-1f2d55dcc714,participant_names.97124b74-2bb5-4eac-8265-2c18beaadc2c,participant_names.86e79db7-e5aa-4f1c-91e2-460022449dfe,participant_names.e54a4d85-415a-42dd-ba94-67d1d6e4c60f,participant_names.acc190bb-afa3-4f5f-ad88-c6861c7c0c92,participant_names.a51cfc71-b161-4ce6-9a59-14fe8cc640bb,participant_names.c923427d-a0a3-4560-9a26-0fe557935023,participant_names.53abf2d9-ddf2-430c-b1f4-3f636da66071,participant_names.bafbd953-9fe2-4bea-bc0c-c0ec42bf2c8f,participant_names.8015b4ac-2640-4b40-bf0d-06b67bee1364,participant_names.3678e7e7-dee8-4599-92fc-19e4191781e4,participant_names.5bc3b620-1057-4c24-ad61-c9e2f4af254f,participant_names.3cb9cfe1-14e1-494b-bd1c-23a1b37043da,participant_names.fd288cb8-6a1e-462f-a95b-f0743eed0138,participant_names.4a765763-48f3-4f50-be3b-138b3e1343f1,participant_names.6f986d9a-daaa-40f7-a85b-18eff1b1ca3e,participant_names.2dd85cf8-341d-4800-9589-5057fa3a058b,participant_names.e056ad52-b88a-423c-907c-002ea0bbfbbe,participant_names.3a9663d2-f1d4-49c8-a65f-46f5db531a65,participant_names.6a0ebbdb-da3c-4376-8905-7391ae48927e,participant_names.d2ed5fdf-beab-44c6-b2c5-d6d85907ccf4,participant_names.60307e7d-0d34-4c63-90c9-fd4304f5f6ff,participant_names.10a27158-376d-4b83-8f36-844696aa33d3,participant_names.e8201876-0dea-46cf-ae1d-da6ab73f46c0,participant_names.515437d5-e614-4bb0-9d43-3f16174a789b,participant_names.ca3a51de-4e84-4954-8be6-303d11b06ac5,participant_names.65da03ca-6ae9-4702-9704-d1277f8348aa,participant_names.4644d6c1-303d-42a5-a18a-ae0e442bf61b,participant_names.aa158ee0-8109-4221-9af8-2930a80bad9f,participant_names.f163cf0e-113b-4bb4-9e4e-0c78284c4b13,participant_names.ea362dbf-0776-48da-8c82-e3cbf6cf6556,participant_names.2e4c7343-cde0-4831-8e23-781e3caac0f1,participant_names.e83e1d3d-1187-4ac1-b6e9-62b9ceaf5108,participant_names.2ba270d2-c0ce-42ce-8f03-67f80381084d,participant_names.f69a6df3-7d40-4b3e-ae04-6099e6835f0e,participant_names.2aaeb2df-06e7-4505-8ed4-344ae50ec0f6,participant_names.94a5b6c3-9c8e-4eab-8766-2161ba226f25,participant_names.cff66acf-9733-41e0-94c9-4140578f52bb,participant_names.1d8e4e7d-9e8e-4eec-b1d3-33e908f1ee59,participant_names.8d186f46-036e-4753-925c-bd3047232ccd,participant_names.2ea760b1-c792-49b0-a225-71d3d6b84769,participant_names.21c79531-32e1-4ff7-8215-252532b9baea,participant_names.c6069851-5124-4716-8342-fc6e379f5ee5,participant_names.57218852-ca1a-4c15-8497-cd3f0b7e6e58,participant_names.3b1ba6c5-f65d-4b8f-870d-d4c6f668a059,participant_names.80ec6b9e-06b7-41f0-95c5-a8978700b883,participant_names.5748dcfb-e576-48ed-b2ea-8b163fc26ad8,participant_names.4c09b831-13a1-448b-970f-54fe4446ad68,participant_names.30be5f9c-4681-41c0-abc2-d861ed4ee8b6,participant_names.9d741132-305a-48f8-bbd2-352a441cdd52,participant_names.0f1d6ac2-f4f5-4ae9-aa71-b876c7543831,participant_names.c62a16ae-7ee1-4520-b868-4f2a0fd51f42,participant_names.ae37e4de-0162-4118-9171-89c504a359d9,participant_names.285aac11-4c23-408e-b90a-25fe6bb9937b,participant_names.f25c8da7-8257-446a-8890-658286ab7272,participant_names.077b2c4b-33a2-4c4e-a7db-3189731ce966,participant_names.c0a5c65a-e14f-4879-ac5d-830ed423d898,participant_names.e489a472-3798-4eb4-a6a9-9e149346888f,participant_names.cae9f48c-a384-4475-9f3f-05d4ee383df5,participant_names.4a45d70c-c72e-4f22-9ac3-1c0522104083,participant_names.65dba151-7796-4dde-8981-a690d6e069bf,participant_names.9a5943c1-23b0-468e-9410-d3d502c5a6da,participant_names.190dc9d9-a246-4e80-904a-179df4bd2e22,participant_names.108ddd43-9eca-450b-8f43-5c7be5a61101,participant_names.6e165fb7-a6d1-4156-a5d2-defea67d2bc9
1,sess_05b57d07,2025-09-01T04:43:11.783Z,,e9cddf33-3c34-4057-b8ff-4dc2b4702235,,,active,in_progress,16,e9cddf33-3c34-4057-b8ff-4dc2b4702235,Participant,2025-09-01T04:43:11.783Z,2025-09-01T04:43:11.783Z,,,,,,,,,,,,,,,,,,,,,,,,,,,,,,,,,,,,,,,,,,,,,,,,,,,,,,,,,,,,,,,,,,,,,,,,,,,,,,,,,
2,sess_07754f83,2025-09-02T01:25:28.814Z,,ab647845-4fa4-443a-ad46-a21bff2d0e52,,,active,in_progress,4,ab647845-4fa4-443a-ad46-a21bff2d0e52,,2025-09-02T01:25:28.814Z,2025-09-02T01:25:28.814Z,Participant,,,,,,,,,,,,,,,,,,,,,,,,,,,,,,,,,,,,,,,,,,,,,,,,,,,,,,,,,,,,,,,,,,,,,,,,,,,,,,,,
3,sess_08ab0bd0,2025-09-30T03:17:31.478Z,,1f01b9f3-ab4e-4539-83fc-be8b16993834,,,active,in_progress,4,1f01b9f3-ab4e-4539-83fc-be8b16993834,,2025-09-30T03:17:31.478Z,2025-09-30T03:17:31.478Z,,Participant,,,,,,,,,,,,,,,,,,,,,,,,,,,,,,,,,,,,,,,,,,,,,,,,,,,,,,,,,,,,,,,,,,,,,,,,,,,,,,,
4,sess_09fd4196,2025-09-25T01:44:58.029Z,,3034c06f-810e-47e3-ba1c-2b8f59e780d3,,,active,in_progress,4,3034c06f-810e-47e3-ba1c-2b8f59e780d3,,2025-09-25T01:44:58.029Z,2025-09-25T01:44:58.029Z,,,Participant,,,,,,,,,,,,,,,,,,,,,,,,,,,,,,,,,,,,,,,,,,,,,,,,,,,,,,,,,,,,,,,,,,,,,,,,,,,,,,
5,sess_0ac49810,2025-09-01T04:37:16.388Z,,bf64ced7-420f-49b3-a173-bc26617c17c9,,,active,in_progress,10,bf64ced7-420f-49b3-a173-bc26617c17c9,,2025-09-01T04:37:16.388Z,2025-09-01T04:37:16.388Z,,,,Participant,,,,,,,,,,,,,,,,,,,,,,,,,,,,,,,,,,,,,,,,,,,,,,,,,,,,,,,,,,,,,,,,,,,,,,,,,,,,,
6,sess_0ae2063f,2025-09-04T22:36:25.077Z,,9dcc194d-dbbe-49a5-8847-d83a5f615686,,,active,in_progress,2,9dcc194d-dbbe-49a5-8847-d83a5f615686,,2025-09-04T22:36:25.077Z,2025-09-04T22:36:25.077Z,,,,,Participant,,,,,,,,,,,,,,,,,,,,,,,,,,,,,,,,,,,,,,,,,,,,,,,,,,,,,,,,,,,,,,,,,,,,,,,,,,,,
7,sess_143bc88b,2025-08-29T06:16:17.517Z,,9a9a3594-7631-4ea3-9b41-7dad9da64d71,,,active,in_progress,4,9a9a3594-7631-4ea3-9b41-7dad9da64d71,,2025-08-29T06:16:17.517Z,2025-08-29T06:16:17.517Z,,,,,,Participant,,,,,,,,,,,,,,,,,,,,,,,,,,,,,,,,,,,,,,,,,,,,,,,,,,,,,,,,,,,,,,,,,,,,,,,,,,,
8,sess_192baba0,2025-09-04T06:06:21.498Z,,d187a367-2db6-4d03-b4be-7aebe3b3ffb1,,,active,in_progress,6,d187a367-2db6-4d03-b4be-7aebe3b3ffb1,,2025-09-04T06:06:21.498Z,2025-09-04T06:06:21.498Z,,,,,,,Participant,,,,,,,,,,,,,,,,,,,,,,,,,,,,,,,,,,,,,,,,,,,,,,,,,,,,,,,,,,,,,,,,,,,,,,,,,,
9,sess_1cb6e317,2025-09-02T05:47:16.942Z,,0b929b3f-396f-444b-baa3-ddcf73741a74,,,active,in_progress,2,0b929b3f-396f-444b-baa3-ddcf73741a74,,2025-09-02T05:47:16.942Z,2025-09-02T05:47:16.942Z,,,,,,,,Participant,,,,,,,,,,,,,,,,,,,,,,,,,,,,,,,,,,,,,,,,,,,,,,,,,,,,,,,,,,,,,,,,,,,,,,,,,
10,sess_243f12a0,2025-09-02T05:47:24.827Z,,0b929b3f-396f-444b-baa3-ddcf73741a74,,,active,in_progress,4,0b929b3f-396f-444b-baa3-ddcf73741a74,,2025-09-02T05:47:24.827Z,2025-09-02T05:47:24.827Z,,,,,,,,Participant,,,,,,,,,,,,,,,,,,,,,,,,,,,,,,,,,,,,,,,,,,,,,,,,,,,,,,,,,,,,,,,,,,,,,,,,,
11,sess_26d4ba88,2025-09-01T01:30:25.760Z,,a25c03c1-b61f-4a67-8117-252a87c767c0,,,active,in_progress,12,a25c03c1-b61f-4a67-8117-252a87c767c0,,2025-09-01T01:30:25.760Z,2025-09-01T01:30:25.760Z,,,,,,,,,Participant,,,,,,,,,,,,,,,,,,,,,,,,,,,,,,,,,,,,,,,,,,,,,,,,,,,,,,,,,,,,,,,,,,,,,,,,
12,sess_29feaa04,2025-09-03T02:46:35.315Z,,b5556be4-7e3b-443a-8956-5d08ffc8528a,,,active,in_progress,2,b5556be4-7e3b-443a-8956-5d08ffc8528a,,2025-09-03T02:46:35.315Z,2025-09-03T02:46:35.315Z,,,,,,,,,,Participant,,,,,,,,,,,,,,,,,,,,,,,,,,,,,,,,,,,,,,,,,,,,,,,,,,,,,,,,,,,,,,,,,,,,,,,
13,sess_2c6ddf7a,2025-09-04T06:03:15.865Z,,3e689bda-4ac5-4e7c-a1ee-2b1decda0f1c,,,active,in_progress,4,3e689bda-4ac5-4e7c-a1ee-2b1decda0f1c,,2025-09-04T06:03:15.865Z,2025-09-04T06:03:15.865Z,,,,,,,,,,,Participant,,,,,,,,,,,,,,,,,,,,,,,,,,,,,,,,,,,,,,,,,,,,,,,,,,,,,,,,,,,,,,,,,,,,,,
14,sess_315e2852,2025-09-25T22:46:10.403Z,,6258ec54-28aa-4852-9506-ed3abff52e20,,,active,in_progress,4,6258ec54-28aa-4852-9506-ed3abff52e20,,2025-09-25T22:46:10.403Z,2025-09-25T22:46:10.403Z,,,,,,,,,,,,Participant,,,,,,,,,,,,,,,,,,,,,,,,,,,,,,,,,,,,,,,,,,,,,,,,,,,,,,,,,,,,,,,,,,,,,
15,sess_372a102e,2025-09-08T05:11:00.875Z,,d794178a-6563-486a-bb38-4988618806ce,,,active,in_progress,8,d794178a-6563-486a-bb38-4988618806ce,,2025-09-08T05:11:00.875Z,2025-09-08T05:11:00.875Z,,,,,,,,,,,,,Participant,,,,,,,,,,,,,,,,,,,,,,,,,,,,,,,,,,,,,,,,,,,,,,,,,,,,,,,,,,,,,,,,,,,,
16,sess_3824dacf,2025-08-28T00:41:40.506Z,,67e3605d-af2c-4226-8664-60fa4cf3eb5f,,,active,in_progress,4,67e3605d-af2c-4226-8664-60fa4cf3eb5f,,2025-08-28T00:41:40.506Z,2025-08-28T00:41:40.506Z,,,,,,,,,,,,,,Participant,,,,,,,,,,,,,,,,,,,,,,,,,,,,,,,,,,,,,,,,,,,,,,,,,,,,,,,,,,,,,,,,,,,
17,sess_3aa97565,2025-09-01T23:57:16.010Z,,529c7c11-ea77-4829-96fe-8a76d91ba428,,,active,in_progress,20,529c7c11-ea77-4829-96fe-8a76d91ba428,,2025-09-01T23:57:16.010Z,2025-09-01T23:57:16.010Z,,,,,,,,,,,,,,,Participant,,,,,,,,,,,,,,,,,,,,,,,,,,,,,,,,,,,,,,,,,,,,,,,,,,,,,,,,,,,,,,,,,,
18,sess_3c553897,2025-09-04T05:44:39.080Z,,e0a677fc-a9ed-43f5-954f-e7053b69d86f,,,active,in_progress,6,e0a677fc-a9ed-43f5-954f-e7053b69d86f,,2025-09-04T05:44:39.080Z,2025-09-04T05:44:39.080Z,,,,,,,,,,,,,,,,Participant,,,,,,,,,,,,,,,,,,,,,,,,,,,,,,,,,,,,,,,,,,,,,,,,,,,,,,,,,,,,,,,,,
19,sess_3f5a7258,2025-09-04T05:59:19.018Z,,127216e2-832a-4923-88ee-1f2d55dcc714,,,active,in_progress,2,127216e2-832a-4923-88ee-1f2d55dcc714,,2025-09-04T05:59:19.018Z,2025-09-04T05:59:19.018Z,,,,,,,,,,,,,,,,,Participant,,,,,,,,,,,,,,,,,,,,,,,,,,,,,,,,,,,,,,,,,,,,,,,,,,,,,,,,,,,,,,,,
20,sess_43d85738,2025-08-27T23:31:12.544Z,,97124b74-2bb5-4eac-8265-2c18beaadc2c,,,active,in_progress,6,97124b74-2bb5-4eac-8265-2c18beaadc2c,,2025-08-27T23:31:12.544Z,2025-08-27T23:31:12.544Z,,,,,,,,,,,,,,,,,,Participant,,,,,,,,,,,,,,,,,,,,,,,,,,,,,,,,,,,,,,,,,,,,,,,,,,,,,,,,,,,,,,,
21,sess_4675a493,2025-09-01T23:48:34.062Z,,529c7c11-ea77-4829-96fe-8a76d91ba428,,,active,in_progress,18,529c7c11-ea77-4829-96fe-8a76d91ba428,,2025-09-01T23:48:34.062Z,2025-09-01T23:48:34.062Z,,,,,,,,,,,,,,,Participant,,,,,,,,,,,,,,,,,,,,,,,,,,,,,,,,,,,,,,,,,,,,,,,,,,,,,,,,,,,,,,,,,,
22,sess_4eb078a0,2025-10-08T02:03:11.583Z,,86e79db7-e5aa-4f1c-91e2-460022449dfe,,,active,in_progress,4,86e79db7-e5aa-4f1c-91e2-460022449dfe,,2025-10-08T02:03:11.583Z,2025-10-08T02:03:11.583Z,,,,,,,,,,,,,,,,,,,Participant,,,,,,,,,,,,,,,,,,,,,,,,,,,,,,,,,,,,,,,,,,,,,,,,,,,,,,,,,,,,,,
23,sess_4fb2aec1,2025-08-27T23:50:52.275Z,,e54a4d85-415a-42dd-ba94-67d1d6e4c60f,,,active,in_progress,4,e54a4d85-415a-42dd-ba94-67d1d6e4c60f,,2025-08-27T23:50:52.275Z,2025-08-27T23:50:52.275Z,,,,,,,,,,,,,,,,,,,,Participant,,,,,,,,,,,,,,,,,,,,,,,,,,,,,,,,,,,,,,,,,,,,,,,,,,,,,,,,,,,,,
24,sess_5091150a,2025-08-28T00:23:43.211Z,,acc190bb-afa3-4f5f-ad88-c6861c7c0c92,,,active,in_progress,2,acc190bb-afa3-4f5f-ad88-c6861c7c0c92,,2025-08-28T00:23:43.211Z,2025-08-28T00:23:43.211Z,,,,,,,,,,,,,,,,,,,,,Participant,,,,,,,,,,,,,,,,,,,,,,,,,,,,,,,,,,,,,,,,,,,,,,,,,,,,,,,,,,,,
25,sess_5204c063,2025-09-01T23:54:30.269Z,,529c7c11-ea77-4829-96fe-8a76d91ba428,,,active,in_progress,20,529c7c11-ea77-4829-96fe-8a76d91ba428,,2025-09-01T23:54:30.269Z,2025-09-01T23:54:30.269Z,,,,,,,,,,,,,,,Participant,,,,,,,,,,,,,,,,,,,,,,,,,,,,,,,,,,,,,,,,,,,,,,,,,,,,,,,,,,,,,,,,,,
26,sess_545feefc,2025-09-30T02:53:05.245Z,,a51cfc71-b161-4ce6-9a59-14fe8cc640bb,,,active,in_progress,4,a51cfc71-b161-4ce6-9a59-14fe8cc640bb,,2025-09-30T02:53:05.245Z,2025-09-30T02:53:05.245Z,,,,,,,,,,,,,,,,,,,,,,Participant,,,,,,,,,,,,,,,,,,,,,,,,,,,,,,,,,,,,,,,,,,,,,,,,,,,,,,,,,,,
27,sess_572c3f44,2025-09-30T03:25:02.892Z,,c923427d-a0a3-4560-9a26-0fe557935023,,,active,in_progress,4,c923427d-a0a3-4560-9a26-0fe557935023,,2025-09-30T03:25:02.892Z,2025-09-30T03:25:02.892Z,,,,,,,,,,,,,,,,,,,,,,,Participant,,,,,,,,,,,,,,,,,,,,,,,,,,,,,,,,,,,,,,,,,,,,,,,,,,,,,,,,,,
28,sess_57d146fc,2025-09-01T01:37:16.347Z,,53abf2d9-ddf2-430c-b1f4-3f636da66071,,,active,in_progress,4,53abf2d9-ddf2-430c-b1f4-3f636da66071,,2025-09-01T01:37:16.347Z,2025-09-01T01:37:16.347Z,,,,,,,,,,,,,,,,,,,,,,,,Participant,,,,,,,,,,,,,,,,,,,,,,,,,,,,,,,,,,,,,,,,,,,,,,,,,,,,,,,,,
29,sess_588683c3,2025-09-03T02:45:55.309Z,,b5556be4-7e3b-443a-8956-5d08ffc8528a,,,active,in_progress,4,b5556be4-7e3b-443a-8956-5d08ffc8528a,,2025-09-03T02:45:55.309Z,2025-09-03T02:45:55.309Z,,,,,,,,,,Participant,,,,,,,,,,,,,,,,,,,,,,,,,,,,,,,,,,,,,,,,,,,,,,,,,,,,,,,,,,,,,,,,,,,,,,,
30,sess_59142a9a,2025-08-28T00:51:30.623Z,,bafbd953-9fe2-4bea-bc0c-c0ec42bf2c8f,,,active,in_progress,4,bafbd953-9fe2-4bea-bc0c-c0ec42bf2c8f,,2025-08-28T00:51:30.623Z,2025-08-28T00:51:30.623Z,,,,,,,,,,,,,,,,,,,,,,,,,Participant,,,,,,,,,,,,,,,,,,,,,,,,,,,,,,,,,,,,,,,,,,,,,,,,,,,,,,,,
31,sess_5c2dd978,2025-09-02T05:48:09.208Z,,0b929b3f-396f-444b-baa3-ddcf73741a74,,,active,in_progress,2,0b929b3f-396f-444b-baa3-ddcf73741a74,,2025-09-02T05:48:09.208Z,2025-09-02T05:48:09.208Z,,,,,,,,Participant,,,,,,,,,,,,,,,,,,,,,,,,,,,,,,,,,,,,,,,,,,,,,,,,,,,,,,,,,,,,,,,,,,,,,,,,,
32,sess_5ca3db00,2025-09-03T02:44:43.349Z,,b5556be4-7e3b-443a-8956-5d08ffc8528a,,,active,in_progress,4,b5556be4-7e3b-443a-8956-5d08ffc8528a,,2025-09-03T02:44:43.349Z,2025-09-03T02:44:43.349Z,,,,,,,,,,Participant,,,,,,,,,,,,,,,,,,,,,,,,,,,,,,,,,,,,,,,,,,,,,,,,,,,,,,,,,,,,,,,,,,,,,,,
33,sess_5e65f88f,2025-08-27T23:39:43.411Z,,8015b4ac-2640-4b40-bf0d-06b67bee1364,,,active,in_progress,4,8015b4ac-2640-4b40-bf0d-06b67bee1364,,2025-08-27T23:39:43.411Z,2025-08-27T23:39:43.411Z,,,,,,,,,,,,,,,,,,,,,,,,,,Participant,,,,,,,,,,,,,,,,,,,,,,,,,,,,,,,,,,,,,,,,,,,,,,,,,,,,,,,
34,sess_5f57dd63,2025-08-29T06:09:19.572Z,,3678e7e7-dee8-4599-92fc-19e4191781e4,,,active,in_progress,10,3678e7e7-dee8-4599-92fc-19e4191781e4,,2025-08-29T06:09:19.572Z,2025-08-29T06:09:19.572Z,,,,,,,,,,,,,,,,,,,,,,,,,,,Participant,,,,,,,,,,,,,,,,,,,,,,,,,,,,,,,,,,,,,,,,,,,,,,,,,,,,,,
35,sess_606903ef,2025-09-04T05:41:32.572Z,,5bc3b620-1057-4c24-ad61-c9e2f4af254f,,,active,in_progress,6,5bc3b620-1057-4c24-ad61-c9e2f4af254f,,2025-09-04T05:41:32.572Z,2025-09-04T05:41:32.572Z,,,,,,,,,,,,,,,,,,,,,,,,,,,,Participant,,,,,,,,,,,,,,,,,,,,,,,,,,,,,,,,,,,,,,,,,,,,,,,,,,,,,
36,sess_60b2ecdd,2025-09-16T01:10:16.621Z,,3cb9cfe1-14e1-494b-bd1c-23a1b37043da,,,active,in_progress,4,3cb9cfe1-14e1-494b-bd1c-23a1b37043da,,2025-09-16T01:10:16.621Z,2025-09-16T01:10:16.621Z,,,,,,,,,,,,,,,,,,,,,,,,,,,,,Participant,,,,,,,,,,,,,,,,,,,,,,,,,,,,,,,,,,,,,,,,,,,,,,,,,,,,
37,sess_632bd8c8,2025-09-04T22:38:09.300Z,,fd288cb8-6a1e-462f-a95b-f0743eed0138,,,active,in_progress,4,fd288cb8-6a1e-462f-a95b-f0743eed0138,,2025-09-04T22:38:09.300Z,2025-09-04T22:38:09.300Z,,,,,,,,,,,,,,,,,,,,,,,,,,,,,,Participant,,,,,,,,,,,,,,,,,,,,,,,,,,,,,,,,,,,,,,,,,,,,,,,,,,,
38,sess_647cf37c,2025-09-11T01:40:19.424Z,,4a765763-48f3-4f50-be3b-138b3e1343f1,,,active,in_progress,32,4a765763-48f3-4f50-be3b-138b3e1343f1,,2025-09-11T01:40:19.424Z,2025-09-11T01:40:19.424Z,,,,,,,,,,,,,,,,,,,,,,,,,,,,,,,Participant,,,,,,,,,,,,,,,,,,,,,,,,,,,,,,,,,,,,,,,,,,,,,,,,,,
39,sess_69bf0dd0,2025-09-03T02:46:51.864Z,,b5556be4-7e3b-443a-8956-5d08ffc8528a,,,active,in_progress,30,b5556be4-7e3b-443a-8956-5d08ffc8528a,,2025-09-03T02:46:51.864Z,2025-09-03T02:46:51.864Z,,,,,,,,,,Participant,,,,,,,,,,,,,,,,,,,,,,,,,,,,,,,,,,,,,,,,,,,,,,,,,,,,,,,,,,,,,,,,,,,,,,,
40,sess_70174c30,2025-09-23T01:09:14.626Z,,6f986d9a-daaa-40f7-a85b-18eff1b1ca3e,,,active,in_progress,18,6f986d9a-daaa-40f7-a85b-18eff1b1ca3e,,2025-09-23T01:09:14.626Z,2025-09-23T01:09:14.626Z,,,,,,,,,,,,,,,,,,,,,,,,,,,,,,,,Participant,,,,,,,,,,,,,,,,,,,,,,,,,,,,,,,,,,,,,,,,,,,,,,,,,
41,sess_703ccdbf,2025-09-02T07:16:05.377Z,,2dd85cf8-341d-4800-9589-5057fa3a058b,,,active,in_progress,18,2dd85cf8-341d-4800-9589-5057fa3a058b,,2025-09-02T07:16:05.377Z,2025-09-02T07:16:05.377Z,,,,,,,,,,,,,,,,,,,,,,,,,,,,,,,,,Participant,,,,,,,,,,,,,,,,,,,,,,,,,,,,,,,,,,,,,,,,,,,,,,,,
42,sess_74cb4bea,2025-09-03T02:53:41.732Z,,e056ad52-b88a-423c-907c-002ea0bbfbbe,,,active,in_progress,24,e056ad52-b88a-423c-907c-002ea0bbfbbe,,2025-09-03T02:53:41.732Z,2025-09-03T02:53:41.732Z,,,,,,,,,,,,,,,,,,,,,,,,,,,,,,,,,,Participant,,,,,,,,,,,,,,,,,,,,,,,,,,,,,,,,,,,,,,,,,,,,,,,
43,sess_77be318e,2025-08-29T06:04:39.159Z,,3a9663d2-f1d4-49c8-a65f-46f5db531a65,,,active,in_progress,2,3a9663d2-f1d4-49c8-a65f-46f5db531a65,,2025-08-29T06:04:39.159Z,2025-08-29T06:04:39.159Z,,,,,,,,,,,,,,,,,,,,,,,,,,,,,,,,,,,Participant,,,,,,,,,,,,,,,,,,,,,,,,,,,,,,,,,,,,,,,,,,,,,,
44,sess_79547b9f,2025-08-29T06:17:48.555Z,,9a9a3594-7631-4ea3-9b41-7dad9da64d71,,,active,in_progress,4,9a9a3594-7631-4ea3-9b41-7dad9da64d71,,2025-08-29T06:17:48.555Z,2025-08-29T06:17:48.555Z,,,,,,Participant,,,,,,,,,,,,,,,,,,,,,,,,,,,,,,,,,,,,,,,,,,,,,,,,,,,,,,,,,,,,,,,,,,,,,,,,,,,
45,sess_7a93fa78,2025-09-10T23:35:09.212Z,,6a0ebbdb-da3c-4376-8905-7391ae48927e,,,active,in_progress,28,6a0ebbdb-da3c-4376-8905-7391ae48927e,,2025-09-10T23:35:09.212Z,2025-09-10T23:35:09.212Z,,,,,,,,,,,,,,,,,,,,,,,,,,,,,,,,,,,,Participant,,,,,,,,,,,,,,,,,,,,,,,,,,,,,,,,,,,,,,,,,,,,,
46,sess_7c5de6ce,2025-08-29T06:02:49.824Z,,d2ed5fdf-beab-44c6-b2c5-d6d85907ccf4,,,active,in_progress,2,d2ed5fdf-beab-44c6-b2c5-d6d85907ccf4,,2025-08-29T06:02:49.824Z,2025-08-29T06:02:49.824Z,,,,,,,,,,,,,,,,,,,,,,,,,,,,,,,,,,,,,Participant,,,,,,,,,,,,,,,,,,,,,,,,,,,,,,,,,,,,,,,,,,,,
47,sess_7f7e25d6,2025-09-01T04:35:47.959Z,,60307e7d-0d34-4c63-90c9-fd4304f5f6ff,,,active,in_progress,4,60307e7d-0d34-4c63-90c9-fd4304f5f6ff,,2025-09-01T04:35:47.959Z,2025-09-01T04:35:47.959Z,,,,,,,,,,,,,,,,,,,,,,,,,,,,,,,,,,,,,,Participant,,,,,,,,,,,,,,,,,,,,,,,,,,,,,,,,,,,,,,,,,,,
48,sess_80f7f96b,2025-08-29T05:51:26.159Z,,10a27158-376d-4b83-8f36-844696aa33d3,,,active,in_progress,20,10a27158-376d-4b83-8f36-844696aa33d3,,2025-08-29T05:51:26.159Z,2025-08-29T05:51:26.159Z,,,,,,,,,,,,,,,,,,,,,,,,,,,,,,,,,,,,,,,Participant,,,,,,,,,,,,,,,,,,,,,,,,,,,,,,,,,,,,,,,,,,
49,sess_83511789,2025-09-04T05:33:28.564Z,,e8201876-0dea-46cf-ae1d-da6ab73f46c0,,,active,in_progress,4,e8201876-0dea-46cf-ae1d-da6ab73f46c0,,2025-09-04T05:33:28.564Z,2025-09-04T05:33:28.564Z,,,,,,,,,,,,,,,,,,,,,,,,,,,,,,,,,,,,,,,,Participant,,,,,,,,,,,,,,,,,,,,,,,,,,,,,,,,,,,,,,,,,
50,sess_843f3add,2025-09-04T22:55:37.914Z,,515437d5-e614-4bb0-9d43-3f16174a789b,,,active,in_progress,4,515437d5-e614-4bb0-9d43-3f16174a789b,,2025-09-04T22:55:37.914Z,2025-09-04T22:55:37.914Z,,,,,,,,,,,,,,,,,,,,,,,,,,,,,,,,,,,,,,,,,Participant,,,,,,,,,,,,,,,,,,,,,,,,,,,,,,,,,,,,,,,,
51,sess_8dc5570c,2025-09-17T04:04:56.574Z,,ca3a51de-4e84-4954-8be6-303d11b06ac5,,,active,in_progress,4,ca3a51de-4e84-4954-8be6-303d11b06ac5,,2025-09-17T04:04:56.574Z,2025-09-17T04:04:56.574Z,,,,,,,,,,,,,,,,,,,,,,,,,,,,,,,,,,,,,,,,,,Participant,,,,,,,,,,,,,,,,,,,,,,,,,,,,,,,,,,,,,,,
52,sess_8faec926,2025-09-22T01:34:10.216Z,,65da03ca-6ae9-4702-9704-d1277f8348aa,,,active,in_progress,22,65da03ca-6ae9-4702-9704-d1277f8348aa,,2025-09-22T01:34:10.216Z,2025-09-22T01:34:10.216Z,,,,,,,,,,,,,,,,,,,,,,,,,,,,,,,,,,,,,,,,,,,Participant,,,,,,,,,,,,,,,,,,,,,,,,,,,,,,,,,,,,,,
53,sess_90d9ec2b,2025-09-30T03:00:53.343Z,,4644d6c1-303d-42a5-a18a-ae0e442bf61b,,,active,in_progress,4,4644d6c1-303d-42a5-a18a-ae0e442bf61b,,2025-09-30T03:00:53.343Z,2025-09-30T03:00:53.343Z,,,,,,,,,,,,,,,,,,,,,,,,,,,,,,,,,,,,,,,,,,,,Participant,,,,,,,,,,,,,,,,,,,,,,,,,,,,,,,,,,,,,
54,sess_92de9a03,2025-09-09T02:15:45.963Z,,aa158ee0-8109-4221-9af8-2930a80bad9f,,,active,in_progress,4,aa158ee0-8109-4221-9af8-2930a80bad9f,,2025-09-09T02:15:45.963Z,2025-09-09T02:15:45.963Z,,,,,,,,,,,,,,,,,,,,,,,,,,,,,,,,,,,,,,,,,,,,,Participant,,,,,,,,,,,,,,,,,,,,,,,,,,,,,,,,,,,,
55,sess_9367e183,2025-10-09T00:43:19.796Z,,f163cf0e-113b-4bb4-9e4e-0c78284c4b13,,,active,in_progress,4,f163cf0e-113b-4bb4-9e4e-0c78284c4b13,,2025-10-09T00:43:19.796Z,2025-10-09T00:43:19.796Z,,,,,,,,,,,,,,,,,,,,,,,,,,,,,,,,,,,,,,,,,,,,,,Participant,,,,,,,,,,,,,,,,,,,,,,,,,,,,,,,,,,,
56,sess_95076231,2025-09-01T23:39:02.560Z,,ea362dbf-0776-48da-8c82-e3cbf6cf6556,,,active,in_progress,8,ea362dbf-0776-48da-8c82-e3cbf6cf6556,,2025-09-01T23:39:02.560Z,2025-09-01T23:39:02.560Z,,,,,,,,,,,,,,,,,,,,,,,,,,,,,,,,,,,,,,,,,,,,,,,Participant,,,,,,,,,,,,,,,,,,,,,,,,,,,,,,,,,,
57,sess_954d4b57,2025-08-29T06:29:36.164Z,,2e4c7343-cde0-4831-8e23-781e3caac0f1,,,active,in_progress,2,2e4c7343-cde0-4831-8e23-781e3caac0f1,,2025-08-29T06:29:36.164Z,2025-08-29T06:29:36.164Z,,,,,,,,,,,,,,,,,,,,,,,,,,,,,,,,,,,,,,,,,,,,,,,,Participant,,,,,,,,,,,,,,,,,,,,,,,,,,,,,,,,,
58,sess_9883c055,2025-08-28T01:14:26.147Z,,e83e1d3d-1187-4ac1-b6e9-62b9ceaf5108,,,active,in_progress,16,e83e1d3d-1187-4ac1-b6e9-62b9ceaf5108,,2025-08-28T01:14:26.147Z,2025-08-28T01:14:26.147Z,,,,,,,,,,,,,,,,,,,,,,,,,,,,,,,,,,,,,,,,,,,,,,,,,Participant,,,,,,,,,,,,,,,,,,,,,,,,,,,,,,,,
59,sess_988f8289,2025-09-22T05:24:02.288Z,,2ba270d2-c0ce-42ce-8f03-67f80381084d,,,active,in_progress,4,2ba270d2-c0ce-42ce-8f03-67f80381084d,,2025-09-22T05:24:02.288Z,2025-09-22T05:24:02.288Z,,,,,,,,,,,,,,,,,,,,,,,,,,,,,,,,,,,,,,,,,,,,,,,,,,Participant,,,,,,,,,,,,,,,,,,,,,,,,,,,,,,,
60,sess_9a2ac54e,2025-09-15T05:00:01.175Z,,f69a6df3-7d40-4b3e-ae04-6099e6835f0e,,,active,in_progress,2,f69a6df3-7d40-4b3e-ae04-6099e6835f0e,,2025-09-15T05:00:01.175Z,2025-09-15T05:00:01.175Z,,,,,,,,,,,,,,,,,,,,,,,,,,,,,,,,,,,,,,,,,,,,,,,,,,,Participant,,,,,,,,,,,,,,,,,,,,,,,,,,,,,,
61,sess_9dc06f51,2025-09-11T01:06:18.202Z,,2aaeb2df-06e7-4505-8ed4-344ae50ec0f6,,,active,in_progress,4,2aaeb2df-06e7-4505-8ed4-344ae50ec0f6,,2025-09-11T01:06:18.202Z,2025-09-11T01:06:18.202Z,,,,,,,,,,,,,,,,,,,,,,,,,,,,,,,,,,,,,,,,,,,,,,,,,,,,Participant,,,,,,,,,,,,,,,,,,,,,,,,,,,,,
62,sess_a321244f,2025-09-02T05:50:19.720Z,,94a5b6c3-9c8e-4eab-8766-2161ba226f25,,,active,in_progress,6,94a5b6c3-9c8e-4eab-8766-2161ba226f25,,2025-09-02T05:50:19.720Z,2025-09-02T05:50:19.720Z,,,,,,,,,,,,,,,,,,,,,,,,,,,,,,,,,,,,,,,,,,,,,,,,,,,,,Participant,,,,,,,,,,,,,,,,,,,,,,,,,,,,
63,sess_a3f4ce8c,2025-09-02T00:08:18.842Z,,cff66acf-9733-41e0-94c9-4140578f52bb,,,active,in_progress,4,cff66acf-9733-41e0-94c9-4140578f52bb,,2025-09-02T00:08:18.842Z,2025-09-02T00:08:18.842Z,,,,,,,,,,,,,,,,,,,,,,,,,,,,,,,,,,,,,,,,,,,,,,,,,,,,,,Participant,,,,,,,,,,,,,,,,,,,,,,,,,,,
64,sess_acc87129,2025-09-16T01:29:19.751Z,,1d8e4e7d-9e8e-4eec-b1d3-33e908f1ee59,,,active,in_progress,2,1d8e4e7d-9e8e-4eec-b1d3-33e908f1ee59,,2025-09-16T01:29:19.751Z,2025-09-16T01:29:19.751Z,,,,,,,,,,,,,,,,,,,,,,,,,,,,,,,,,,,,,,,,,,,,,,,,,,,,,,,Participant,,,,,,,,,,,,,,,,,,,,,,,,,,
65,sess_af873b15,2025-09-04T23:11:13.924Z,,8d186f46-036e-4753-925c-bd3047232ccd,,,active,in_progress,28,8d186f46-036e-4753-925c-bd3047232ccd,,2025-09-04T23:11:13.924Z,2025-09-04T23:11:13.924Z,,,,,,,,,,,,,,,,,,,,,,,,,,,,,,,,,,,,,,,,,,,,,,,,,,,,,,,,Participant,,,,,,,,,,,,,,,,,,,,,,,,,
66,sess_b1c520a2,2025-09-02T05:48:22.681Z,,2ea760b1-c792-49b0-a225-71d3d6b84769,,,active,in_progress,2,2ea760b1-c792-49b0-a225-71d3d6b84769,,2025-09-02T05:48:22.681Z,2025-09-02T05:48:22.681Z,,,,,,,,,,,,,,,,,,,,,,,,,,,,,,,,,,,,,,,,,,,,,,,,,,,,,,,,,Participant,,,,,,,,,,,,,,,,,,,,,,,,
67,sess_b2da9838,2025-09-17T00:46:40.003Z,,21c79531-32e1-4ff7-8215-252532b9baea,,,active,in_progress,4,21c79531-32e1-4ff7-8215-252532b9baea,,2025-09-17T00:46:40.003Z,2025-09-17T00:46:40.003Z,,,,,,,,,,,,,,,,,,,,,,,,,,,,,,,,,,,,,,,,,,,,,,,,,,,,,,,,,,Participant,,,,,,,,,,,,,,,,,,,,,,,
68,sess_b77f9c1d,2025-09-17T00:46:35.746Z,,21c79531-32e1-4ff7-8215-252532b9baea,,,active,in_progress,2,21c79531-32e1-4ff7-8215-252532b9baea,,2025-09-17T00:46:35.746Z,2025-09-17T00:46:35.746Z,,,,,,,,,,,,,,,,,,,,,,,,,,,,,,,,,,,,,,,,,,,,,,,,,,,,,,,,,,Participant,,,,,,,,,,,,,,,,,,,,,,,
69,sess_b7d93123,2025-09-04T22:28:51.044Z,,c6069851-5124-4716-8342-fc6e379f5ee5,,,active,in_progress,14,c6069851-5124-4716-8342-fc6e379f5ee5,,2025-09-04T22:28:51.044Z,2025-09-04T22:28:51.044Z,,,,,,,,,,,,,,,,,,,,,,,,,,,,,,,,,,,,,,,,,,,,,,,,,,,,,,,,,,,Participant,,,,,,,,,,,,,,,,,,,,,,
70,sess_bc48206b,2025-09-04T05:39:14.625Z,,57218852-ca1a-4c15-8497-cd3f0b7e6e58,,,active,in_progress,6,57218852-ca1a-4c15-8497-cd3f0b7e6e58,,2025-09-04T05:39:14.625Z,2025-09-04T05:39:14.625Z,,,,,,,,,,,,,,,,,,,,,,,,,,,,,,,,,,,,,,,,,,,,,,,,,,,,,,,,,,,,Participant,,,,,,,,,,,,,,,,,,,,,
71,sess_bc9bb0b6,2025-09-03T03:16:58.783Z,,3b1ba6c5-f65d-4b8f-870d-d4c6f668a059,,,active,in_progress,12,3b1ba6c5-f65d-4b8f-870d-d4c6f668a059,,2025-09-03T03:16:58.783Z,2025-09-03T03:16:58.783Z,,,,,,,,,,,,,,,,,,,,,,,,,,,,,,,,,,,,,,,,,,,,,,,,,,,,,,,,,,,,,Participant,,,,,,,,,,,,,,,,,,,,
72,sess_c4738339,2025-09-02T00:21:54.591Z,,80ec6b9e-06b7-41f0-95c5-a8978700b883,,,active,in_progress,4,80ec6b9e-06b7-41f0-95c5-a8978700b883,,2025-09-02T00:21:54.591Z,2025-09-02T00:21:54.591Z,,,,,,,,,,,,,,,,,,,,,,,,,,,,,,,,,,,,,,,,,,,,,,,,,,,,,,,,,,,,,,Participant,,,,,,,,,,,,,,,,,,,
73,sess_c74c36ef,2025-08-28T00:49:28.732Z,,5748dcfb-e576-48ed-b2ea-8b163fc26ad8,,,active,in_progress,4,5748dcfb-e576-48ed-b2ea-8b163fc26ad8,,2025-08-28T00:49:28.732Z,2025-08-28T00:49:28.732Z,,,,,,,,,,,,,,,,,,,,,,,,,,,,,,,,,,,,,,,,,,,,,,,,,,,,,,,,,,,,,,,Participant,,,,,,,,,,,,,,,,,,
74,sess_c87febdb,2025-08-29T06:25:16.308Z,,2e4c7343-cde0-4831-8e23-781e3caac0f1,,,active,in_progress,2,2e4c7343-cde0-4831-8e23-781e3caac0f1,,2025-08-29T06:25:16.308Z,2025-08-29T06:25:16.308Z,,,,,,,,,,,,,,,,,,,,,,,,,,,,,,,,,,,,,,,,,,,,,,,,Participant,,,,,,,,,,,,,,,,,,,,,,,,,,,,,,,,,
75,sess_c8cf2ecf,2025-09-17T04:34:57.482Z,,4c09b831-13a1-448b-970f-54fe4446ad68,,,active,in_progress,4,4c09b831-13a1-448b-970f-54fe4446ad68,,2025-09-17T04:34:57.482Z,2025-09-17T04:34:57.482Z,,,,,,,,,,,,,,,,,,,,,,,,,,,,,,,,,,,,,,,,,,,,,,,,,,,,,,,,,,,,,,,,Participant,,,,,,,,,,,,,,,,,
76,sess_cdf159d7,2025-09-05T04:24:16.374Z,,30be5f9c-4681-41c0-abc2-d861ed4ee8b6,,,active,in_progress,4,30be5f9c-4681-41c0-abc2-d861ed4ee8b6,,2025-09-05T04:24:16.374Z,2025-09-05T04:24:16.374Z,,,,,,,,,,,,,,,,,,,,,,,,,,,,,,,,,,,,,,,,,,,,,,,,,,,,,,,,,,,,,,,,,Participant,,,,,,,,,,,,,,,,
77,sess_conv-175,2025-09-04T05:15:22.660Z,,9d741132-305a-48f8-bbd2-352a441cdd52,,,active,in_progress,1,9d741132-305a-48f8-bbd2-352a441cdd52,,2025-09-04T05:15:22.660Z,2025-09-04T05:15:22.660Z,,,,,,,,,,,,,,,,,,,,,,,,,,,,,,,,,,,,,,,,,,,,,,,,,,,,,,,,,,,,,,,,,,Participant,,,,,,,,,,,,,,,
78,sess_conv-175,2025-09-04T05:17:50.560Z,,0f1d6ac2-f4f5-4ae9-aa71-b876c7543831,,,active,in_progress,3,0f1d6ac2-f4f5-4ae9-aa71-b876c7543831,,2025-09-04T05:17:50.560Z,2025-09-04T05:17:50.560Z,,,,,,,,,,,,,,,,,,,,,,,,,,,,,,,,,,,,,,,,,,,,,,,,,,,,,,,,,,,,,,,,,,,Participant,,,,,,,,,,,,,,
79,sess_conv-175,2025-09-04T05:21:37.866Z,,c62a16ae-7ee1-4520-b868-4f2a0fd51f42,,,active,in_progress,17,c62a16ae-7ee1-4520-b868-4f2a0fd51f42,,2025-09-04T05:21:37.866Z,2025-09-04T05:21:37.866Z,,,,,,,,,,,,,,,,,,,,,,,,,,,,,,,,,,,,,,,,,,,,,,,,,,,,,,,,,,,,,,,,,,,,Participant,,,,,,,,,,,,,
80,sess_d17da061,2025-09-01T04:39:55.951Z,,ae37e4de-0162-4118-9171-89c504a359d9,,,active,in_progress,10,ae37e4de-0162-4118-9171-89c504a359d9,,2025-09-01T04:39:55.951Z,2025-09-01T04:39:55.951Z,,,,,,,,,,,,,,,,,,,,,,,,,,,,,,,,,,,,,,,,,,,,,,,,,,,,,,,,,,,,,,,,,,,,,Participant,,,,,,,,,,,,
81,sess_d297b37b,2025-09-16T00:54:13.232Z,,285aac11-4c23-408e-b90a-25fe6bb9937b,,,active,in_progress,4,285aac11-4c23-408e-b90a-25fe6bb9937b,,2025-09-16T00:54:13.232Z,2025-09-16T00:54:13.232Z,,,,,,,,,,,,,,,,,,,,,,,,,,,,,,,,,,,,,,,,,,,,,,,,,,,,,,,,,,,,,,,,,,,,,,Participant,,,,,,,,,,,
82,sess_dbcaca83,2025-08-28T00:59:37.180Z,,f25c8da7-8257-446a-8890-658286ab7272,,,active,in_progress,4,f25c8da7-8257-446a-8890-658286ab7272,,2025-08-28T00:59:37.180Z,2025-08-28T00:59:37.180Z,,,,,,,,,,,,,,,,,,,,,,,,,,,,,,,,,,,,,,,,,,,,,,,,,,,,,,,,,,,,,,,,,,,,,,,Participant,,,,,,,,,,
83,sess_e0393dbe,2025-08-29T06:32:40.624Z,,2e4c7343-cde0-4831-8e23-781e3caac0f1,,,active,in_progress,2,2e4c7343-cde0-4831-8e23-781e3caac0f1,,2025-08-29T06:32:40.624Z,2025-08-29T06:32:40.624Z,,,,,,,,,,,,,,,,,,,,,,,,,,,,,,,,,,,,,,,,,,,,,,,,Participant,,,,,,,,,,,,,,,,,,,,,,,,,,,,,,,,,
84,sess_e37e3189,2025-09-04T22:45:57.237Z,,077b2c4b-33a2-4c4e-a7db-3189731ce966,,,active,in_progress,2,077b2c4b-33a2-4c4e-a7db-3189731ce966,,2025-09-04T22:45:57.237Z,2025-09-04T22:45:57.237Z,,,,,,,,,,,,,,,,,,,,,,,,,,,,,,,,,,,,,,,,,,,,,,,,,,,,,,,,,,,,,,,,,,,,,,,,Participant,,,,,,,,,
85,sess_e39f635f,2025-09-30T03:10:27.229Z,,c0a5c65a-e14f-4879-ac5d-830ed423d898,,,active,in_progress,4,c0a5c65a-e14f-4879-ac5d-830ed423d898,,2025-09-30T03:10:27.229Z,2025-09-30T03:10:27.229Z,,,,,,,,,,,,,,,,,,,,,,,,,,,,,,,,,,,,,,,,,,,,,,,,,,,,,,,,,,,,,,,,,,,,,,,,,Participant,,,,,,,,
86,sess_e82b7c20,2025-09-17T00:34:11.359Z,,e489a472-3798-4eb4-a6a9-9e149346888f,,,active,in_progress,4,e489a472-3798-4eb4-a6a9-9e149346888f,,2025-09-17T00:34:11.359Z,2025-09-17T00:34:11.359Z,,,,,,,,,,,,,,,,,,,,,,,,,,,,,,,,,,,,,,,,,,,,,,,,,,,,,,,,,,,,,,,,,,,,,,,,,,Participant,,,,,,,
87,sess_e876823d,2025-09-30T02:27:52.462Z,,cae9f48c-a384-4475-9f3f-05d4ee383df5,,,active,in_progress,2,cae9f48c-a384-4475-9f3f-05d4ee383df5,,2025-09-30T02:27:52.462Z,2025-09-30T02:27:52.462Z,,,,,,,,,,,,,,,,,,,,,,,,,,,,,,,,,,,,,,,,,,,,,,,,,,,,,,,,,,,,,,,,,,,,,,,,,,,Participant,,,,,,
88,sess_ebb3ea02,2025-09-05T04:53:06.194Z,,4a45d70c-c72e-4f22-9ac3-1c0522104083,,,active,in_progress,4,4a45d70c-c72e-4f22-9ac3-1c0522104083,,2025-09-05T04:53:06.194Z,2025-09-05T04:53:06.194Z,,,,,,,,,,,,,,,,,,,,,,,,,,,,,,,,,,,,,,,,,,,,,,,,,,,,,,,,,,,,,,,,,,,,,,,,,,,,Participant,,,,,
89,sess_ed553329,2025-09-03T04:09:46.191Z,,65dba151-7796-4dde-8981-a690d6e069bf,,,active,in_progress,24,65dba151-7796-4dde-8981-a690d6e069bf,,2025-09-03T04:09:46.191Z,2025-09-03T04:09:46.191Z,,,,,,,,,,,,,,,,,,,,,,,,,,,,,,,,,,,,,,,,,,,,,,,,,,,,,,,,,,,,,,,,,,,,,,,,,,,,,Participant,,,,
90,sess_f5f08f50,2025-08-29T05:44:49.159Z,,9a5943c1-23b0-468e-9410-d3d502c5a6da,,,active,in_progress,18,9a5943c1-23b0-468e-9410-d3d502c5a6da,,2025-08-29T05:44:49.159Z,2025-08-29T05:44:49.159Z,,,,,,,,,,,,,,,,,,,,,,,,,,,,,,,,,,,,,,,,,,,,,,,,,,,,,,,,,,,,,,,,,,,,,,,,,,,,,,Participant,,,
91,sess_f90338ee,2025-09-05T01:51:35.077Z,,190dc9d9-a246-4e80-904a-179df4bd2e22,,,active,in_progress,2,190dc9d9-a246-4e80-904a-179df4bd2e22,,2025-09-05T01:51:35.077Z,2025-09-05T01:51:35.077Z,,,,,,,,,,,,,,,,,,,,,,,,,,,,,,,,,,,,,,,,,,,,,,,,,,,,,,,,,,,,,,,,,,,,,,,,,,,,,,,Participant,,
92,sess_fadf4063,2025-09-17T04:13:51.554Z,,108ddd43-9eca-450b-8f43-5c7be5a61101,,,active,in_progress,4,108ddd43-9eca-450b-8f43-5c7be5a61101,,2025-09-17T04:13:51.554Z,2025-09-17T04:13:51.554Z,,,,,,,,,,,,,,,,,,,,,,,,,,,,,,,,,,,,,,,,,,,,,,,,,,,,,,,,,,,,,,,,,,,,,,,,,,,,,,,,Participant,
93,sess_ff58c2a0,2025-09-16T04:06:32.633Z,,6e165fb7-a6d1-4156-a5d2-defea67d2bc9,,,active,in_progress,4,6e165fb7-a6d1-4156-a5d2-defea67d2bc9,,2025-09-16T04:06:32.633Z,2025-09-16T04:06:32.633Z,,,,,,,,,,,,,,,,,,,,,,,,,,,,,,,,,,,,,,,,,,,,,,,,,,,,,,,,,,,,,,,,,,,,,,,,,,,,,,,,,Participant